AGENT_CODE,GAM_CODE,AGENT_JOIN_YEAR,REGION_NAME,AFYP_Regular,AFYP_exclude_RTU,Cases,Average_Case_Size
1EI00045,1EI00045,1994,KL REGION,1920,1920,1,1920
1EI00051,1EI00051,1998,NORTHERN REGION,183464.6,183344.6,60,3057.743333
1EI00071,1EI00071,1991,KL REGION,56899.68,55939.68,19,2994.72
1EI00073,1EI04998,1989,KL REGION,1133.04,1133.04,2,566.52
1EI00079,1EI00079,1987,SABAH REGION ,6720,6480,4,1680
1EI00083,1EI00083,1989,SARAWAK REGION ,12372.24,11892.24,4,3093.06
1EI00087,1EI00087,1983,SARAWAK REGION ,14280,12600,4,3570
1EI00088,1EI00088,1990,SARAWAK REGION ,13200,13200,4,3300
1EI00090,1EI00083,1987,SARAWAK REGION ,9000,9000,2,4500
1EI00092,1EI00092,1987,NORTHERN REGION,106813.2,99853.2,34,3141.564706
1EI00094,1EI00251,1993,SARAWAK REGION ,2400,2400,1,2400
1EI00105,1EI00105,1997,NORTHERN REGION,204700,202900,66,3101.515152
1EI00113,1EI00079,2000,SABAH REGION ,79743.48,77103.48,28,2847.981429
1EI00118,1EI00071,2001,KL REGION,392166.51,369246.51,103,3807.441845
1EI00123,1EI00100,2002,SABAH REGION ,6760,6640,3,2253.333333
1EI00124,1EI00105,2002,NORTHERN REGION,37064,35864,14,2647.428571
1EI00125,1EI00105,2002,NORTHERN REGION,79142,75302,29,2729.034483
1EI00126,1EI00062,2002,KL REGION,2880,2640,1,2880
1EI00128,1EI00100,2003,SABAH REGION ,407624,371624,169,2411.976331
1EI00130,1EI00102,2003,SARAWAK REGION ,67570.56,63970.56,24,2815.44
1EI00133,1EI00133,2004,NORTHERN REGION,241224,228384,74,3259.783784
1EI00159,1EI00062,2008,KL REGION,85731.04,78531.04,17,5043.002353
1EI00171,1EI00083,1989,SARAWAK REGION ,11064,11064,7,1580.571429
1EI00175,1EI00083,1994,SARAWAK REGION ,150417.96,114897.96,19,7916.734737
1EI00176,1EI00098,1994,CENTRAL REGION,295500,294180,128,2308.59375
1EI00179,1EI00062,1995,KL REGION,27102.02,24222.02,10,2710.202
1EI00189,1EI00083,1997,SARAWAK REGION ,54481.32,52201.32,27,2017.826667
1EI00204,1EI00071,1998,KL REGION,5760,5760,3,1920
1EI00228,1EI00228,2001,SOUTHERN REGION ,123092.04,121652.04,54,2279.482222
1EI00233,1EI00105,2004,NORTHERN REGION,44458.2,44458.2,12,3704.85
1EI00237,1EI04998,2006,SABAH REGION ,13920,12720,4,3480
1EI00324,1EI00071,2005,KL REGION,98859.12,91899.12,34,2907.621176
1EI00327,1EI00100,2005,SABAH REGION ,52012,49012,18,2889.555556
1EI00328,1EI00231,2005,SOUTHERN REGION ,69060,67380,33,2092.727273
1EI00378,1EI00083,1998,SARAWAK REGION ,10800.44,10440.44,7,1542.92
1EI00383,1EI00079,2000,SABAH REGION ,180252,174612,78,2310.923077
1EI00434,1EI00083,1994,SARAWAK REGION ,9664.2,9064.2,5,1932.84
1EI00444,1EI00061,2007,SOUTHERN REGION ,179747.96,176747.96,70,2567.828
1EI00449,1EI00061,2007,SOUTHERN REGION ,226171.64,206131.64,102,2217.36902
1EI00450,1EI00098,2008,CENTRAL REGION,179886.88,178086.88,62,2901.40129
1EI00452,1EI00231,2008,SOUTHERN REGION ,70560,69480,31,2276.129032
1EI00570,1EI00079,1994,SABAH REGION ,1440,1200,1,1440
1EI00589,1EI00083,1995,SARAWAK REGION ,15006.6,12006.6,8,1875.825
1EI00617,1EI00088,1998,SARAWAK REGION ,12944.64,12944.64,7,1849.234286
1EI00622,1EI00087,1988,SARAWAK REGION ,5880,5160,3,1960
1EI00661,1EI00087,1998,SARAWAK REGION ,11520,11400,3,3840
1EI00801,1EI00071,1998,KL REGION,61560,60840,29,2122.758621
1EI00866,1EI00087,1999,SARAWAK REGION ,60180,44820,7,8597.142857
1EI00870,1EI04998,1999,SABAH REGION ,5640,4440,3,1880
1EI00917,1EI00102,2000,SARAWAK REGION ,15844.2,15604.2,9,1760.466667
1EI01135,1EI00051,2001,NORTHERN REGION,36230,35990,12,3019.166667
1EI01140,1EI00087,2002,SARAWAK REGION ,21560,18200,3,7186.666667
1EI01274,1EI00088,2000,SARAWAK REGION ,39820,31180,19,2095.789474
1EI01343,1EI04998,2003,SABAH REGION ,10080,9840,4,2520
1EI01410,1EI00087,2002,SARAWAK REGION ,14400,14400,3,4800
1EI01417,1EI00254,2002,NORTHERN REGION,17597.88,17597.88,10,1759.788
1EI01582,1EI00071,2004,KL REGION,28640,27680,9,3182.222222
1EI01701,1EI00062,2005,KL REGION,154048.56,145048.56,54,2852.751111
1EI01721,1EI04998,2005,EAST COAST REGION,4320,4320,3,1440
1EI01853,1EI00051,2005,NORTHERN REGION,17160,17160,6,2860
1EI02111,1EI00102,2007,SARAWAK REGION ,8280,6000,4,2070
1EI02114,1EI00087,2007,SARAWAK REGION ,21685.68,21685.68,6,3614.28
1EI02154,1EI00051,2009,NORTHERN REGION,214340,214220,73,2936.164384
1EI02254,1EI00102,2006,SARAWAK REGION ,23040,19440,14,1645.714286
1EI02399,1EI00051,2018,NORTHERN REGION,18660,18660,8,2332.5
1EI02439,1EI00100,2008,SABAH REGION ,50195.88,46355.88,27,1859.106667
1EI02461,1EI00075,2007,CENTRAL REGION,33120,33000,19,1743.157895
1EI02657,1EI00075,2008,CENTRAL REGION,306074.28,304874.28,111,2757.425946
1EI02715,1EI00079,2008,SABAH REGION ,48000,47520,20,2400
1EI02987,1EI00061,2009,SOUTHERN REGION ,284585.64,281705.64,125,2276.68512
1EI03018,1EI00062,2009,KL REGION,61284.6,57924.6,26,2357.1
1EI03112,1EI00083,2009,SARAWAK REGION ,28003.56,25483.56,20,1400.178
1EI03238,1EI00102,2010,SARAWAK REGION ,6240,5880,3,2080
1EI03249,1EI00105,2009,NORTHERN REGION,449628,445908,120,3746.9
1EI03295,1EI00100,2010,SABAH REGION ,4800,4800,2,2400
1EI03544,1EI00062,2010,KL REGION,23201.64,20441.64,11,2109.24
1EI03790,1EI00047,1997,SARAWAK REGION ,10680,10680,4,2670
1EI03796,1EI00047,1996,SARAWAK REGION ,4200,3000,2,2100
1EI03797,1EI00045,1999,KL REGION,476945.29,419585.29,84,5677.920119
1EI03800,1EI00045,2002,KL REGION,28640,25640,8,3580
1EI03801,1EI00045,2003,KL REGION,465329,374729,84,5539.630952
1EI03812,1EI00047,1995,SARAWAK REGION ,38543.4,38543.4,21,1835.4
1EI03817,1EI00047,1997,SARAWAK REGION ,13320,12960,4,3330
1EI03868,1EI00047,2005,SARAWAK REGION ,40740.77,38940.77,12,3395.064167
1EI03967,1EI00079,2011,SABAH REGION ,57324,57204,24,2388.5
1EI04017,1EI00231,2011,SOUTHERN REGION ,2400,2400,2,1200
1EI04021,1EI00071,2011,KL REGION,10320,10320,4,2580
1EI04036,1EI00079,2011,SABAH REGION ,27908.04,26228.04,14,1993.431429
1EI04153,1EI00079,2012,SABAH REGION ,23880,23760,11,2170.909091
1EI04183,1EI00102,2012,SARAWAK REGION ,6974.09,6374.09,3,2324.696667
1EI04199,1EI04998,2022,KL REGION,2880,2400,2,1440
1EI04376,1EI00087,2013,SARAWAK REGION ,2400,2400,1,2400
1EI04534,1EI00133,2013,NORTHERN REGION,125652,125652,36,3490.333333
1EI04717,1EI00254,2013,NORTHERN REGION,22300,22060,7,3185.714286
1EI04741,1EI00087,2013,SARAWAK REGION ,13898,11738,6,2316.333333
1EI04863,1EI00061,2013,SOUTHERN REGION ,179001.48,179001.48,79,2265.841519
1EI04899,1EI00061,2013,SOUTHERN REGION ,71050,68890,35,2030
1EI04998,1EI04998,2000,TIED AGENCY - ETIQA LIFE INSURANCE,7618.68,7618.68,4,1904.67
1EI05015,1EI00098,2014,CENTRAL REGION,23928.96,23928.96,8,2991.12
1EI05052,1EI00105,2014,NORTHERN REGION,176352.6,175752.6,71,2483.839437
1EI05131,1EI00083,2014,SARAWAK REGION ,139380,91980,20,6969
1EI05283,1EI00133,2015,NORTHERN REGION,132740,127460,28,4740.714286
1EI05500,1EI00051,2016,NORTHERN REGION,12600,12120,5,2520
1EI05539,1EI00102,2016,SARAWAK REGION ,6367.56,6247.56,3,2122.52
1EI05549,1EI00087,2016,SARAWAK REGION ,11104.92,9904.92,5,2220.984
1EI05561,1EI00100,2016,SABAH REGION ,27240,27240,10,2724
1EI05608,1EI00061,2016,SOUTHERN REGION ,112298.64,112178.64,50,2245.9728
1EI05635,1EI05552,2017,KL REGION,15000,14760,9,1666.666667
1EI05659,1EI00231,2017,SOUTHERN REGION ,4320,4320,1,4320
1EI05670,1EI00260,2017,SARAWAK REGION ,7560,7320,2,3780
1EI05674,1EI00083,2017,SARAWAK REGION ,13320,11520,5,2664
1EI05676,1EI00102,2017,SARAWAK REGION ,9840,9000,3,3280
1EI05683,1EI00087,2017,SARAWAK REGION ,3000,1800,1,3000
1EI05693,1EI00083,2017,SARAWAK REGION ,51720.72,47280.72,21,2462.891429
1EI05696,1EI04998,2017,CENTRAL REGION,1065.48,1065.48,2,532.74
1EI05699,1EI04998,2017,CENTRAL REGION,5211.24,5211.24,6,868.54
1EI05710,1EI00083,2017,SARAWAK REGION ,32844.6,30564.6,12,2737.05
1EI05736,1EI00100,2017,SABAH REGION ,6720,6000,4,1680
1EI05758,1EI00079,2018,SABAH REGION ,2280,2280,1,2280
1EI05771,1EI00133,2018,NORTHERN REGION,57992,57992,12,4832.666667
1EI05784,1EI00231,2018,SOUTHERN REGION ,35040,35040,18,1946.666667
1EI05804,1EI00231,2018,SOUTHERN REGION ,138360,137160,66,2096.363636
1EI05807,1EI00083,2018,SARAWAK REGION ,40480.8,38080.8,14,2891.485714
1EI05836,1EI05836,2018,CENTRAL REGION,336000,6000,1,336000
1EI05858,1EI00061,2018,SOUTHERN REGION ,4560,4560,2,2280
1EI05920,1EI00228,2018,SOUTHERN REGION ,63720,58560,30,2124
1EI05929,1EI00105,2018,NORTHERN REGION,5400,5400,2,2700
1EI05930,1EI00105,2018,NORTHERN REGION,45966,44766,13,3535.846154
1EI05940,1EI00061,2018,SOUTHERN REGION ,77760,77760,39,1993.846154
1EI05963,1EI00083,2018,SARAWAK REGION ,5918.28,5918.28,3,1972.76
1EI05970,1EI00228,2018,SOUTHERN REGION ,14040,14040,10,1404
1EI05980,1EI00105,2018,NORTHERN REGION,62078.76,60878.76,20,3103.938
1EI05984,1EI00051,2018,NORTHERN REGION,41640,41640,16,2602.5
1EI05993,1EI00102,2019,SARAWAK REGION ,53773.44,50173.44,22,2444.247273
1EI05994,1EI06359,2019,ETIQA ENTREPRENEURSHIP PROGRAM-EEP,3000,3000,1,3000
1EI05996,1EI06359,2019,ETIQA ENTREPRENEURSHIP PROGRAM-EEP,95788,86548,30,3192.933333
1EI06020,1EI04998,2019,SABAH REGION ,20160,20160,7,2880
1EI06023,1EI00102,2019,SARAWAK REGION ,32099.88,31859.88,16,2006.2425
1EI06070,1EI05836,2019,CENTRAL REGION,492436.01,467236.01,47,10477.36191
1EI06099,1EI06199,2019,KL REGION,289120,268720,13,22240
1EI06109,1EI00105,2019,NORTHERN REGION,527224.6,515944.6,162,3254.47284
1EI06131,1EI00079,2019,SABAH REGION ,6604.81,6244.81,4,1651.2025
1EI06136,1EI00079,2019,SABAH REGION ,4200,4200,2,2100
1EI06140,1EI06199,2019,KL REGION,551151.24,522831.24,40,13778.781
1EI06141,1EI06199,2019,KL REGION,407826.12,346506.12,31,13155.68129
1EI06142,1EI06199,2019,KL REGION,180905.04,179105.04,22,8222.956364
1EI06143,1EI06199,2019,KL REGION,537266.04,536906.04,61,8807.64
1EI06147,1EI06199,2019,KL REGION,52932.48,52212.48,13,4071.729231
1EI06148,1EI06199,2019,KL REGION,2031549.48,1172589.48,131,15508.0113
1EI06154,1EI00087,2019,SARAWAK REGION ,5520,5160,2,2760
1EI06164,1EI00079,2019,SABAH REGION ,1501.08,1501.08,1,1501.08
1EI06165,1EI00079,2019,SABAH REGION ,122386.56,113746.56,51,2399.736471
1EI06175,1EI00102,2019,SARAWAK REGION ,17040,16560,7,2434.285714
1EI06182,1EI06359,2019,CENTRAL REGION,99780,99780,31,3218.709677
1EI06197,1EI06197,2019,EAST COAST REGION,391580,391580,33,11866.06061
1EI06202,1EI00079,2019,SABAH REGION ,5520,5520,3,1840
1EI06210,1EI00105,2019,NORTHERN REGION,19440,19440,8,2430
1EI06214,1EI05904,2019,SOUTHERN REGION ,104040,100080,11,9458.181818
1EI06215,1EI00231,2019,SOUTHERN REGION ,89753.16,88433.16,41,2189.101463
1EI06219,1EI05836,2019,CENTRAL REGION,15840,15840,5,3168
1EI06221,1EI06199,2019,KL REGION,0,0,1,0
1EI06225,1EI00079,2019,SABAH REGION ,25700.04,25460.04,15,1713.336
1EI06231,1EI06359,2019,CENTRAL REGION,5760,5760,3,1920
1EI06239,1EI05904,2019,SOUTHERN REGION ,12000,7200,1,12000
1EI06241,1EI05904,2020,SOUTHERN REGION ,109029.52,107229.52,16,6814.345
1EI06280,1EI05904,2019,SOUTHERN REGION ,1560,1560,1,1560
1EI06281,1EI05904,2019,NORTHERN REGION,23760,20640,5,4752
1EI06282,1EI05904,2019,SOUTHERN REGION ,22440,12840,4,5610
1EI06288,1EI05836,2019,CENTRAL REGION,13960,13960,3,4653.333333
1EI06291,1EI00102,2019,SARAWAK REGION ,8040,5400,3,2680
1EI06312,1EI00079,2019,SABAH REGION ,3240,3240,2,1620
1EI06319,1EI06359,2019,ETIQA ENTREPRENEURSHIP PROGRAM-EEP,31000,29560,13,2384.615385
1EI06340,1EI06340,2020,CENTRAL REGION,16980,16980,6,2830
1EI06346,1EI00102,2020,SARAWAK REGION ,4800,4800,3,1600
1EI06352,1EI06352,2020,CENTRAL REGION,2006060,44780,8,250757.5
1EI06359,1EI06359,2020,CENTRAL REGION,7200,7200,3,2400
1EI06360,1EI00102,2020,SARAWAK REGION ,6780,5220,3,2260
1EI06362,1EI06362,2020,SABAH REGION ,429807.1,298047.1,15,28653.80667
1EI06369,1EI04998,2020,NORTHERN REGION,27920,27920,3,9306.666667
1EI06374,1EI06372,2020,CENTRAL REGION,41400,41400,10,4140
1EI06375,1EI06199,2020,KL REGION,570060,534900,28,20359.28571
1EI06389,1EI00100,2020,SABAH REGION ,10275.6,9435.6,5,2055.12
1EI06392,1EI06778,2020,SABAH REGION ,36240,36240,10,3624
1EI06402,1EI04998,2020,EAST COAST REGION,140760,140760,28,5027.142857
1EI06408,1EI00071,2020,KL REGION,4380,4380,2,2190
1EI06413,1EI06199,2020,KL REGION,483540,481860,23,21023.47826
1EI06418,1EI00102,2020,SARAWAK REGION ,14760,14040,7,2108.571429
1EI06419,1EI00079,2020,SABAH REGION ,12000,11400,5,2400
1EI06421,1EI00105,2020,NORTHERN REGION,26400,26400,12,2200
1EI06422,1EI06372,2020,CENTRAL REGION,301200,1200,1,301200
1EI06424,1EI06372,2020,CENTRAL REGION,6000,5400,1,6000
1EI06429,1EI06778,2020,SABAH REGION ,47160,34800,7,6737.142857
1EI06440,1EI06199,2020,KL REGION,485820,471540,27,17993.33333
1EI06448,1EI06372,2020,CENTRAL REGION,30420,30420,6,5070
1EI06479,1EI00254,2020,NORTHERN REGION,4800,3600,1,4800
1EI06490,1EI00051,2020,SOUTHERN REGION ,17556,17556,7,2508
1EI06499,1EI06372,2020,CENTRAL REGION,344580,16740,5,68916
1EI06503,1EI06199,2020,KL REGION,4440,4200,2,2220
1EI06508,1EI06199,2020,KL REGION,360780,356340,16,22548.75
1EI06510,1EI04998,2020,EAST COAST REGION,2760,2760,1,2760
1EI06531,1EI06531,2020,EAST COAST REGION,180898.44,177418.44,27,6699.942222
1EI06533,1EI06531,2020,EAST COAST REGION,4680,4680,2,2340
1EI06538,1EI06538,2020,EAST COAST REGION,3360,3360,1,3360
1EI06541,1EI00102,2020,SARAWAK REGION ,8666,7226,4,2166.5
1EI06543,1EI06784,2020,SOUTHERN REGION ,147600,129840,16,9225
1EI06545,1EI06784,2020,SOUTHERN REGION ,169440,164640,21,8068.571429
1EI06549,1EI00083,2020,SARAWAK REGION ,39627.12,39507.12,17,2331.007059
1EI06552,1EI06372,2020,CENTRAL REGION,24840,24840,6,4140
1EI06553,1EI06531,2020,EAST COAST REGION,14175.48,14175.48,5,2835.096
1EI06554,1EI06531,2020,EAST COAST REGION,10440,10440,3,3480
1EI06556,1EI00051,2020,SOUTHERN REGION ,2160,2160,1,2160
1EI06559,1EI06372,2020,CENTRAL REGION,41040,41040,14,2931.428571
1EI06571,1EI00079,2020,SABAH REGION ,10080,9600,4,2520
1EI06575,1EI00079,2020,SABAH REGION ,34899.6,34899.6,5,6979.92
1EI06580,1EI00231,2020,SOUTHERN REGION ,1800,1800,1,1800
1EI06588,1EI00079,2020,SABAH REGION ,37020,32340,12,3085
1EI06590,1EI00061,2020,SOUTHERN REGION ,1620,1620,1,1620
1EI06593,1EI00231,2020,SOUTHERN REGION ,70080,70080,36,1946.666667
1EI06601,1EI06778,2020,SABAH REGION ,16080,16080,5,3216
1EI06607,1EI00102,2020,SARAWAK REGION ,32040,26160,15,2136
1EI06614,1EI00051,2020,NORTHERN REGION,37320,37320,12,3110
1EI06620,1EI00079,2020,SABAH REGION ,4680,4680,2,2340
1EI06623,1EI06778,2020,SABAH REGION ,123120,123120,21,5862.857143
1EI06637,1EI06372,2020,CENTRAL REGION,295160,67520,16,18447.5
1EI06645,1EI06199,2020,KL REGION,64440,56640,13,4956.923077
1EI06646,1EI00087,2020,SARAWAK REGION ,5700,5100,2,2850
1EI06649,1EI06531,2020,EAST COAST REGION,340226.24,187346.24,49,6943.392653
1EI06650,1EI00087,2020,SARAWAK REGION ,49860,34020,11,4532.727273
1EI06658,1EI04998,2020,NORTHERN REGION,1200,1200,1,1200
1EI06663,1EI00105,2020,NORTHERN REGION,2880,2880,1,2880
1EI06665,1EI00061,2020,SOUTHERN REGION ,2040,2040,1,2040
1EI06668,1EI00092,2020,NORTHERN REGION,3240,3240,1,3240
1EI06671,1EI00079,2020,SABAH REGION ,2280,2280,1,2280
1EI06684,1EI00105,2020,NORTHERN REGION,10800,10800,4,2700
1EI06685,1EI00051,2020,NORTHERN REGION,10440,10440,4,2610
1EI06697,1EI00079,2020,SABAH REGION ,23621.52,23621.52,15,1574.768
1EI06715,1EI05836,2021,CENTRAL REGION,23640,23520,3,7880
1EI06719,1EI00105,2021,NORTHERN REGION,3000,3000,1,3000
1EI06720,1EI00105,2021,NORTHERN REGION,13200,13200,8,1650
1EI06722,1EI00133,2021,NORTHERN REGION,42180,38940,12,3515
1EI06724,1EI06359,2021,CENTRAL REGION,60360,59760,23,2624.347826
1EI06731,1EI00105,2021,NORTHERN REGION,7200,7200,3,2400
1EI06735,1EI06778,2021,SABAH REGION ,5760,5760,2,2880
1EI06736,1EI06778,2021,SABAH REGION ,7200,7200,3,2400
1EI06737,1EI06538,2021,EAST COAST REGION,11920,11920,4,2980
1EI06741,1EI00083,2021,SARAWAK REGION ,45953.28,44753.28,10,4595.328
1EI06742,1EI06199,2021,KL REGION,99720,92160,6,16620
1EI06743,1EI06784,2021,SOUTHERN REGION ,19800,19800,8,2475
1EI06750,1EI00133,2021,NORTHERN REGION,74293.2,74293.2,20,3714.66
1EI06756,1EI00051,2021,NORTHERN REGION,214029.36,214029.36,77,2779.602078
1EI06765,1EI06372,2021,CENTRAL REGION,1058369.52,242129.52,56,18899.45571
1EI06767,1EI00105,2021,NORTHERN REGION,5520,5520,2,2760
1EI06768,1EI00133,2021,NORTHERN REGION,50173.2,50173.2,15,3344.88
1EI06784,1EI06784,2021,SOUTHERN REGION ,3000,3000,1,3000
1EI06785,1EI00105,2021,NORTHERN REGION,81351.24,81351.24,9,9039.026667
1EI06786,1EI00105,2021,NORTHERN REGION,184003.04,182803.04,61,3016.443279
1EI06787,1EI00105,2021,NORTHERN REGION,15008.08,15008.08,4,3752.02
1EI06790,1EI00105,2021,NORTHERN REGION,4920,4920,3,1640
1EI06799,1EI00102,2021,SARAWAK REGION ,6720,6480,3,2240
1EI06803,1EI00083,2021,SARAWAK REGION ,21180,20700,9,2353.333333
1EI06806,1EI00051,2021,NORTHERN REGION,28325.4,28085.4,5,5665.08
1EI06813,1EI00079,2021,SABAH REGION ,11760,11400,7,1680
1EI06820,1EI04998,2021,EAST COAST REGION,9480,9480,3,3160
1EI06823,1EI00133,2021,NORTHERN REGION,6972,6972,3,2324
1EI06829,1EI06778,2021,SABAH REGION ,11040,10560,3,3680
1EI06830,1EI00133,2021,NORTHERN REGION,49680,49680,18,2760
1EI06834,1EI00133,2021,NORTHERN REGION,20640,20640,7,2948.571429
1EI06835,1EI06538,2021,EAST COAST REGION,2400,2400,1,2400
1EI06848,1EI06531,2021,EAST COAST REGION,2040,2040,1,2040
1EI06849,1EI06531,2021,EAST COAST REGION,82838.8,77558.8,15,5522.586667
1EI06852,1EI00102,2021,SARAWAK REGION ,14760,14760,7,2108.571429
1EI06855,1EI00253,2021,KL REGION,3000,3000,1,3000
1EI06856,1EI04998,2021,EAST COAST REGION,58320,57720,8,7290
1EI06856,1EI06199,2021,EAST COAST REGION,574.44,574.44,1,574.44
1EI06869,1EI06531,2021,EAST COAST REGION,31263,31143,5,6252.6
1EI06871,1EI00083,2021,SARAWAK REGION ,6431.28,6431.28,3,2143.76
1EI06874,1EI06531,2021,EAST COAST REGION,7080,7080,2,3540
1EI06875,1EI00071,2021,KL REGION,285905.48,262265.48,149,1918.828725
1EI06878,1EI00051,2021,NORTHERN REGION,24240,24240,9,2693.333333
1EI06882,1EI00051,2021,NORTHERN REGION,23040,23040,8,2880
1EI06884,1EI00083,2021,SARAWAK REGION ,2400,2400,1,2400
1EI06887,1EI00061,2021,SABAH REGION ,59160,53160,22,2689.090909
1EI06888,1EI00079,2021,SABAH REGION ,1800,1800,1,1800
1EI06890,1EI00051,2021,NORTHERN REGION,254772,252132,76,3352.263158
1EI06891,1EI00051,2021,NORTHERN REGION,2400,2400,1,2400
1EI06893,1EI06359,2021,CENTRAL REGION,7560,7560,3,2520
1EI06904,1EI06778,2021,SABAH REGION ,38700,37260,10,3870
1EI06905,1EI04998,2021,EAST COAST REGION,39240,39240,17,2308.235294
1EI06911,1EI00079,2021,SABAH REGION ,3600,3600,1,3600
1EI06923,1EI06778,2021,SABAH REGION ,736383.88,675303.88,76,9689.261579
1EI06931,1EI04998,2021,EAST COAST REGION,34569,34569,15,2304.6
1EI06932,1EI00079,2021,SABAH REGION ,1560,1560,1,1560
1EI06934,1EI06199,2021,KL REGION,347228.68,321308.68,23,15096.89913
1EI06935,1EI00105,2021,NORTHERN REGION,6840,6840,3,2280
1EI06936,1EI00051,2021,NORTHERN REGION,51828.96,51828.96,10,5182.896
1EI06938,1EI00105,2021,NORTHERN REGION,40435.4,40435.4,4,10108.85
1EI06941,1EI00102,2021,SARAWAK REGION ,10512.48,10512.48,6,1752.08
1EI06942,1EI06778,2021,SABAH REGION ,36600,33240,11,3327.272727
1EI06947,1EI00051,2021,SOUTHERN REGION ,22320,22320,8,2790
1EI06951,1EI00079,2021,SABAH REGION ,121364.76,120524.76,43,2822.436279
1EI06954,1EI00087,2021,SARAWAK REGION ,19926.4,19926.4,1,19926.4
1EI06963,1EI00105,2021,NORTHERN REGION,8280,8280,3,2760
1EI06967,1EI00105,2021,NORTHERN REGION,57810,57810,24,2408.75
1EI06970,1EI00105,2021,NORTHERN REGION,41407.72,40207.72,16,2587.9825
1EI06976,1EI06531,2021,EAST COAST REGION,184794.96,178554.96,42,4399.88
1EI06980,1EI06778,2021,SABAH REGION ,54642.84,45882.84,12,4553.57
1EI06981,1EI00105,2021,NORTHERN REGION,12600,12600,5,2520
1EI06983,1EI00228,2021,SOUTHERN REGION ,42420,40140,18,2356.666667
1EI06984,1EI06199,2021,KL REGION,98400,89160,11,8945.454545
1EI06989,1EI00231,2022,SOUTHERN REGION ,8760,8400,2,4380
1EI06990,1EI00079,2022,SABAH REGION ,36174.24,34374.24,21,1722.582857
1EI06992,1EI00087,2022,SARAWAK REGION ,5400,5400,2,2700
1EI06993,1EI00102,2022,SARAWAK REGION ,16680,16680,7,2382.857143
1EI06994,1EI00133,2022,NORTHERN REGION,47772,47172,17,2810.117647
1EI06995,1EI00079,2022,SABAH REGION ,4200,3960,2,2100
1EI06997,1EI06531,2022,EAST COAST REGION,26160,26160,9,2906.666667
1EI06998,1EI06778,2022,SABAH REGION ,257340,236700,78,3299.230769
1EI07000,1EI00105,2022,NORTHERN REGION,44160,42360,18,2453.333333
1EI07001,1EI00253,2022,KL REGION,3600,3600,2,1800
1EI07003,1EI00083,2022,SARAWAK REGION ,1494.84,1494.84,1,1494.84
1EI07004,1EI00105,2022,NORTHERN REGION,3012,3012,1,3012
1EI07007,1EI06778,2022,SABAH REGION ,22860,21540,8,2857.5
1EI07008,1EI00105,2022,NORTHERN REGION,232991.2,136991.2,38,6131.347368
1EI07010,1EI06372,2022,CENTRAL REGION,8400,6000,2,4200
1EI07012,1EI06199,2022,KL REGION,73140,63780,14,5224.285714
1EI07014,1EI04998,2022,EAST COAST REGION,2400,2400,1,2400
1EI07017,1EI00133,2022,NORTHERN REGION,17640,17640,7,2520
1EI07018,1EI00102,2022,SARAWAK REGION ,7452,7212,4,1863
1EI07020,1EI00105,2022,NORTHERN REGION,12816.06,12816.06,5,2563.212
1EI07022,1EI00133,2022,NORTHERN REGION,21240,21240,8,2655
1EI07023,1EI00083,2022,SARAWAK REGION ,3341.4,3341.4,2,1670.7
1EI07024,1EI00083,2022,SARAWAK REGION ,15360,14160,5,3072
1EI07028,1EI00083,2022,SARAWAK REGION ,4693.32,4693.32,2,2346.66
1EI07029,1EI06784,2022,SOUTHERN REGION ,3000,3000,1,3000
1EI07031,1EI06359,2022,CENTRAL REGION,9300,7500,1,9300
1EI07033,1EI06359,2022,CENTRAL REGION,4800,4800,2,2400
1EI07034,1EI06199,2022,KL REGION,186840,183720,26,7186.153846
1EI07038,1EI00102,2022,SARAWAK REGION ,12000,10800,6,2000
1EI07040,1EI06778,2022,SABAH REGION ,83280,64800,24,3470
1EI07042,1EI00105,2022,NORTHERN REGION,12960,12600,5,2592
1EI07049,1EI00253,2022,KL REGION,9000,9000,3,3000
1EI07050,1EI06372,2022,CENTRAL REGION,3600,3600,1,3600
1EI07051,1EI00051,2022,NORTHERN REGION,27000,27000,11,2454.545455
1EI07052,1EI00051,2022,NORTHERN REGION,2400,2400,1,2400
1EI07054,1EI00083,2022,SARAWAK REGION ,10560,9600,5,2112
1EI07058,1EI00105,2022,NORTHERN REGION,2040,2040,1,2040
1EI07065,1EI00079,2022,SABAH REGION ,72446.76,69686.76,29,2498.164138
1EI07067,1EI06199,2022,KL REGION,30960,30000,6,5160
1EI07068,1EI07068,2022,CENTRAL REGION,9680,9560,2,4840
1EI07070,1EI00105,2022,NORTHERN REGION,4320,4200,2,2160
1EI07071,1EI00092,2022,NORTHERN REGION,7920,7920,2,3960
1EI07075,1EI00105,2022,NORTHERN REGION,7800,7800,3,2600
1EI07076,1EI00047,2022,SARAWAK REGION ,9600,8400,2,4800
1EI07077,1EI00253,2022,KL REGION,27600,27600,2,13800
1EI07078,1EI00061,2022,SOUTHERN REGION ,12012,12012,5,2402.4
1EI07079,1EI05836,2022,CENTRAL REGION,347120,315080,25,13884.8
1EI07080,1EI05836,2022,CENTRAL REGION,105048,105048,13,8080.615385
1EI07081,1EI00253,2022,KL REGION,3000,3000,1,3000
1EI07085,1EI05836,2022,CENTRAL REGION,5520,5520,2,2760
1EI07086,1EI06778,2022,SABAH REGION ,91640,90440,23,3984.347826
1EI07090,1EI06778,2022,SABAH REGION ,10200,9000,5,2040
1EI07092,1EI06778,2022,KL REGION,10200,10200,3,3400
1EI07093,1EI00083,2022,SARAWAK REGION ,6000,6000,3,2000
1EI07096,1EI06199,2022,KL REGION,92280,91440,16,5767.5
1EI07099,1EI06199,2022,KL REGION,37800,35280,8,4725
1EI07100,1EI06778,2022,SABAH REGION ,109870,104590,23,4776.956522
1EI07101,1EI00079,2022,SABAH REGION ,439813.04,148813.04,62,7093.75871
1EI07105,1EI06531,2022,EAST COAST REGION,26400,26400,3,8800
1EI07106,1EI05836,2022,CENTRAL REGION,10704,10704,4,2676
1EI07112,1EI00051,2022,NORTHERN REGION,2400,2400,1,2400
1EI07113,1EI00105,2022,NORTHERN REGION,5640,5640,2,2820
1EI07115,1EI07115,2022,NORTHERN REGION,4800,4800,2,2400
1EI07116,1EI00051,2022,EAST COAST REGION,17900,17900,4,4475
1EI07117,1EI00105,2022,NORTHERN REGION,15960,14880,9,1773.333333
1EI07118,1EI06531,2022,EAST COAST REGION,60302.76,57782.76,14,4307.34
1EI07121,1EI00051,2022,NORTHERN REGION,15720,15720,8,1965
1EI07122,1EI06531,2022,EAST COAST REGION,3240,3240,1,3240
1EI07123,1EI00083,2022,SARAWAK REGION ,5400,4200,2,2700
1EI07124,1EI00051,2022,NORTHERN REGION,96800,96080,33,2933.333333
1EI07125,1EI00051,2022,NORTHERN REGION,40080,39960,17,2357.647059
1EI07126,1EI06372,2022,EAST COAST REGION,117790,112630,16,7361.875
1EI07128,1EI06372,2022,CENTRAL REGION,36000,36000,9,4000
1EI07129,1EI00051,2022,NORTHERN REGION,4800,4800,2,2400
1EI07130,1EI00051,2022,NORTHERN REGION,13560,13560,6,2260
1EI07132,1EI00231,2022,SOUTHERN REGION ,118080,117960,58,2035.862069
1EI07137,1EI00102,2022,SARAWAK REGION ,41660,40220,14,2975.714286
1EI07138,1EI06778,2022,SABAH REGION ,15400,14800,4,3850
1EI07139,1EI06778,2022,SABAH REGION ,15694.08,15694.08,4,3923.52
1EI07140,1EI00051,2022,NORTHERN REGION,27840,27840,12,2320
1EI07145,1EI06531,2022,EAST COAST REGION,36474.88,36474.88,9,4052.764444
1EI07146,1EI06778,2022,SABAH REGION ,8160,8160,3,2720
1EI07148,1EI06199,2022,KL REGION,16200,15600,4,4050
1EI07149,1EI06778,2022,SABAH REGION ,3000,3000,1,3000
1EI07150,1EI06778,2022,SARAWAK REGION ,3120,3120,1,3120
1EI07151,1EI06778,2022,SOUTHERN REGION ,14040,13800,5,2808
1EI07152,1EI00102,2022,SARAWAK REGION ,12720,12720,7,1817.142857
1EI07154,1EI06359,2022,CENTRAL REGION,7200,7200,3,2400
1EI07155,1EI00105,2022,NORTHERN REGION,4680,4440,2,2340
1EI07156,1EI00102,2022,SARAWAK REGION ,33960,32520,13,2612.307692
1EI07161,1EI00133,2022,NORTHERN REGION,36840,35400,8,4605
1EI07162,1EI00079,2022,SABAH REGION ,23256,14856,6,3876
1EI07165,1EI04998,2022,EAST COAST REGION,14880,13680,5,2976
1EI07167,1EI06199,2022,KL REGION,456400,422440,19,24021.05263
1EI07169,1EI06199,2022,KL REGION,58560,58560,5,11712
1EI07172,1EI05836,2022,CENTRAL REGION,15240,15240,4,3810
1EI07173,1EI00079,2022,SABAH REGION ,6120,6120,3,2040
1EI07174,1EI00071,2022,KL REGION,9720,9720,4,2430
1EI07175,1EI00102,2022,SARAWAK REGION ,12600,12000,4,3150
1EI07176,1EI06778,2022,SABAH REGION ,2400,2400,1,2400
1EI07177,1EI06531,2022,EAST COAST REGION,39381,39381,5,7876.2
1EI07178,1EI06778,2022,SABAH REGION ,6120,6000,2,3060
1EI07179,1EI06531,2022,EAST COAST REGION,56244.84,50364.84,6,9374.14
1EI07180,1EI06778,2022,SABAH REGION ,4957.56,4957.56,1,4957.56
1EI07188,1EI00051,2022,NORTHERN REGION,4800,4800,2,2400
